team,count
Virtus.pro,3460
Liquid,3373
Cloud9,3265
mousesports,3229
G2,3142
Astralis,3025
NiP,3015
FaZe,3015
fnatic,3015
Tricked,3000
ALTERNATE aTTaX,2956
HellRaisers,2835
Envy,2817
Epsilon,2747
OpTic,2730
Renegades,2670
Complexity,2659
Luminosity,2653
Spirit,2611
NRG,2570
Natus Vincere,2560
AGO,2553
Heroic,2515
Chiefs,2443
SK,2430
TYLOO,2394
LDLC,2242
Kinguin,2193
HAVU,2157
Singularity,2128
Space Soldiers,2037
North,1995
AVANGAR,1985
Dignitas,1963
Gambit,1879
forZe,1865
BIG,1825
GODSENT,1820
Nemiga,1814
Sprout,1795
Grayhound,1770
Windigo,1769
pro100,1758
PRIDE,1755
CLG,1685
TeamOne,1618
Nexus,1604
Valiance,1563
ENCE,1563
FlipSid3,1550
AVANT,1520
SJ,1484
FURIA,1450
eUnited,1429
Rogue,1419
Movistar Riders,1417
Bpro,1414
5POWER,1414
Red Reserve,1392
ORDER,1390
ViCi,1365
Immortals,1364
Splyce,1364
Legacy,1343
PENTA,1341
EURONICS,1324
Ground Zero,1307
Fragsters,1300
Isurus,1300
eXtatus,1292
Tainted Minds,1269
MVP PK,1239
Mythic,1213
INTZ,1195
Athletico,1175
PACT,1160
Ghost,1156
Imperial,1152
W7M,1103
Vexed,1093
EPG,1070
Quantum Bellator Fire,1057
Swole Patrol,1035
Endpoint,1027
BOOT-d[S],1024
DreamEaters,1015
MIBR,1015
iGame.com,1010
Vega Squadron,995
Chaos,994
TheMongolz,990
KoN Norway,980
KoN Denmark,975
DETONA,944
Vitality,938
Signature,934
Bravado,920
x-kom,908
KoN Sweden,905
Copenhagen Flames,895
GoodJob,895
EHOME,895
Izako Boars,888
KoN Finland,880
Sharks,875
Winstrike,874
Flash,870
Outlaws,810
Winterfox,805
New4,793
Syman,780
Recca,765
Corvidae,765
GamerLegion,764
eSuba,763
Dark Sided,750
Misfits,730
3DMAX,723
GameAgents,714
fnatic Academy,705
Denial,704
Selfless,704
SYF,695
VG.CyberZen,689
North Academy,680
Unique,679
paiN,675
Tempo Storm,670
Binary Dragons,668
TSM,658
Furious,632
EnVyUs Academy,628
expert,625
Rise Nation,620
BOOT,610
subtLe,609
Beyond,608
Nordavind,599
k1ck,585
Heretics,578
FIVE,570
Yeah,565
MK,564
Lucid Dream,560
LGD,555
TRIDENT,544
Alpha Red,543
Playing Ducks,540
Paradox,534
Born Of Fire,534
Ambush,529
MVP Project,525
Squared,525
madlikewizards,522
Wild,520
Giants,515
Tengri,514
x6tence Galaxy,514
Gambit Youngsters,510
aAa,500
Japaleno,495
Immunity,494
AlienTech,489
Eclipse,480
E-frag.net,478
RONIN,470
SCARZ Absolute,470
Espada,465
C4,465
MC,460
Keyd,454
Illuminar,450
AGG,450
Alpha,445
UYA,440
Ancient,439
ATK,439
Genuine,434
Vault,428
Spirit Academy,427
Breakaway,425
MiTH,424
Invictus,420
iNation,419
DenDD,416
Mineski,415
Prospects,414
Bulldozer,410
Taboo,409
Torqued,409
CyberZen,405
Epiphany Bolt,404
NoChance,404
CLG Red,400
NASR,400
x6tence,399
Echo Fox,390
Defusekids,389
SKADE,388
Entity,384
Gorilla Gang,380
WASD,375
The Quest,375
EMP,374
CSGL,369
Preparation,369
DarkPassage,365
nxl,365
RED Canids,365
Planetkey,364
CR4ZY,360
Kings,360
Spacestation,358
RCTIC,350
Skyfire,348
KPI,344
Unicorns of Love,340
Energy,340
Big Frames,339
Reason,338
iNTACT,335
Bad News Bears,335
XPC,330
TNC,329
spray'n'pray,329
Team123,325
FRENCH CANADIANS,325
passions,325
Method,320
Party Astronauts,320
Blight,320
BX3,315
OFFSET,315
Infamous,315
FURIA Inagame,314
HOLLYWOOD,310
PC419,305
Riot Squad,299
Vireo.pro,299
Aristocracy,299
BlackOut,295
seadoggs,295
Dynasty,294
Bee's Money Crew,292
5balls,290
Vision,290
LiViD,290
eFuture,285
Thunder Logic,285
Royal Bandits,285
Infinity,284
Space Jam,280
g3x,280
Parallax,280
AZIO,280
GOSU,280
Rugratz,279
Smoke Criminals,279
Virtue,275
VenatoreS,275
Bushido Boyz,275
Rush,274
Funky Monkeys,274
Santos,273
FrostFire,270
JYP,270
Dignitas fe,270
AllGamers,270
Arcade,269
Torpedo,269
Berzerk,268
CLG Academy,265
Asterion,265
Risky,265
Surge,265
New Identity,265
Phoenix,260
FATE,260
Crowns,260
MVP.karnal,260
BTRG,259
Control,259
Masterminds,255
BOOM,255
DIVIZON,255
Enemy,255
Lyngby Vikings,250
Forty Six and 2,250
Fire Dragoon,250
Mask Off,250
Monstars,250
Titan,249
EDG,245
Miami Flamingos,245
PANTHERS,245
Spartak,245
Lynn Vision,240
Muffin Lightning,240
X,240
Invictus Aquilas,240
dream[S]cape,239
Black Dragons,237
Final Feature,235
Pixel,235
Maple,230
RESISTANCE,230
VITALIS,230
GameplayDNA,230
R!OT,230
Gale Force,230
ex-Outlaws,225
Bren,225
Monolith,225
FLuffy Gangsters,225
Publiclir.se,225
MAX,225
SoaR,225
Reapers,224
PiTER,224
F1-racecar-PEEK,220
Malvinas,220
Refuse,220
MANS NOT HOT,220
Evil Geniuses,220
Redemption POA,219
YP,219
CPH Wolves,218
AVEZ,215
KlikTech,215
Gatekeepers,215
SkitLite,215
Orgless,215
CNB,215
Seed,215
Jade,215
undefined,215
1337HUANIA,215
BLUEJAYS,214
Codewise Unicorns,214
QuetzaL,214
Fam143,210
Absolute,210
HegemonyPerson,210
Se7en,210
BigGods,210
Enso,210
SMASH,205
Wind and Rain,205
Old Guys Club,205
Conspiracy,205
Escape,205
Pompa,205
Divine,205
ETHEREAL,204
TEAM5,200
GoldenGitte,200
Lucky7,200
Ignis,200
AliGon,200
m0nster,200
Mostly Harmless,200
zARLANS,200
Eanix,200
ArchAngels,199
Não Tem Como,195
UTM,195
Peeker's Advantage,195
Guerrilla Tactics,195
Grizzlys,195
OneThree,195
Wolsung,195
Enyoy,195
ROAR,190
Millenium,190
Ben's Anime Team,190
unknown,190
Empire,190
Jaguar,185
WINside,185
Brute,185
Etherian,185
Ha MaSSe,185
D13,185
MAD Lions,185
The Fundamentals,184
ex-DarkPassage,183
The Foundation,180
Ajax,180
SIN,180
WePlayGames,180
LPSP,180
Orbit,180
Beacon,180
HoP,180
Freedom 35,180
MASSIVEimpact,180
Brutality,179
PLINK,178
Conquer,175
Windigo Academy,175
Magistra,175
NSPR,175
NOREG,174
VG.Flash,170
LGR,170
Lazarus,170
iNETKOXTV,170
Ascent,170
Rap Gang,170
Wisla Krakow,170
Universe,170
GX,170
Hysteria,165
Secret fe,165
WySix,165
FMESPORTS,165
Conquest,165
gBots,165
Fierce,165
eL'quvet,165
SEAL,165
Evolution,165
Flow,164
RuSh3D,163
Revolution,160
Adaptation,160
Iceberg,160
Demise,160
Property,160
LFAO,160
24BHB,159
ACG,158
ownage,155
fightclub,155
ARES,155
Formidable,155
CheckSix,155
Dark Tigers,155
AGF,155
Riotous Raccoons,155
Forcebuy,155
LOG,155
Rogue Academy,155
Noxide,154
Sensei,154
Damage Control,154
Hard Legion,154
2ez,150
TTFU,150
Innova,150
dreamchasers,150
Goliath,150
INTZ.Academy,150
Infused,150
LDLC Blue,150
Limitless,150
VwS,150
rewound,149
OPAA,149
Vikings,149
LDLC White,149
The Pioneers,149
Na`Vi Junior,149
Cypher,148
No Problem!,148
devils.one,145
Rise and Grind,145
Rejected,145
ex-Fragsters,145
rTE,145
EMC,145
ex-Space Soldiers,145
Aster,145
OnlineBOTS,145
Odense,145
Excelerate,145
SetToDestroyX,145
Exile5,144
GUNRUNNERS,143
Russia,140
Oceanus,140
Gorilla Core,140
Great Danes,140
ProGaming,140
KOVA,140
Wings,140
KILLERFISH,140
KoN Iceland,140
ANOX,140
Coscu Army,140
EXTREMUM,139
eXplosive,139
Threats,135
9z,135
nerdRage,135
Carnage,135
1337,135
Test Takers,135
Variance,135
cantwinalan,135
CeX,135
2KILL,135
Just Swing,135
Hafnet,135
Ignite,135
YETTI,134
LowLandLions,134
Ukraine,134
K29,134
FriendlyFire,130
Big 5,130
Orange,130
District 7,130
Eclipse.o,130
Enigma6,130
New England Whalers,130
London,130
All Knights,130
Revolte,130
Polar Ace,130
CHAOS,130
fish123,130
HG,130
onestop,129
Chosen5,129
dizLown,125
Mazaalai,125
5FRAGS,125
Aperture,125
Manatee,125
Gux & Friends,125
ZDM,125
ex-Epsilon,125
NOBO,125
inchk1ng,125
ex-Athletico,125
Bizarre,124
Elite Wolves,124
Supremacy,124
NOVA,120
ArkAngel,120
Funkd,120
adwokacik,120
Andes,120
neXtPlease!,120
Riotous,120
Norse,120
h00liGaNz,120
Morior Invictus,120
hREDS,120
Naventic,120
HEY,120
2990,120
Forge,115
Iwku,115
RvN,115
Dead Pixels,115
XCN,115
BLITZKRIEG,115
Unity,115
exceL,115
Evidence,115
Good People,114
ESC,113
Atlants,110
Downfall,110
Akopalipsa,110
Apeks,110
RAVE,110
3sUP,110
Sabertooth,110
GamePub,110
TOXIC,110
Alpha Sydney,110
FrenchFrogs,110
Games Academy,110
HWML,110
HEXAGONE,110
Uruguay,110
Locastic,110
Astral Influence,110
AUGUST,110
Juggernauts,110
volgare,109
Bajini Puleni,105
eEriness,105
NYYRIKKI,105
expert fe,105
Chris and the boys,105
DeToNator,105
LGB fe,105
FURY,105
wNv,105
Tectonic,105
OG,105
ex-3DMAX,105
SHIFT,105
Inflames,105
Yalla,105
Triumph,105
MAXISAUCISSE,105
Platinium,104
Glockoma,104
Alma,104
Eastern Vikings,104
Argentina,103
Sweden,100
Red Instinct,100
STREAMLINE,100
Dracarys,100
The Entourage,100
Pnda,100
ENZO,100
nEophyte,100
KKona,100
ANTI ECO,100
R-Stars,100
mCon,100
Evilvice,100
PAPERPLANES,100
Incept,100
ENCORE,100
No Tenemos Nada,100
tomorrow will be better,100
ex-Velocity,100
France,99
Falkol,99
ACE,99
Rebels,98
Besiktas,95
Energy Pacemaker,95
seven,95
Belgium,95
Recon 5,95
SKDC,95
ex-Synthetik,95
ex-Atmosphere,95
carboN,95
Panda,95
demise,95
8EASY,95
Arena Bulls,95
proWince,95
T5,95
Salamander,95
Vexilla,95
Wololos,95
Sinisters,95
Kungar,95
ex-Genuine,95
T.O.T,95
Prophecy,95
Majestic Lions,95
Sinister5,95
Main Street,94
London Conspiracy,94
Viva Algeria,93
Recursive,90
Brewtopia,90
LDLC fe,90
Vindicta,90
ikarus,90
tomorrow,90
ahq,90
Global,90
Impossible,90
TShow,90
Nocturns,90
Orion,90
Really Old People,90
VeritasAequitas,90
Deathtrap,90
Spotnet,90
Tunisia,90
Galatics,90
Content,90
Insomnia,90
Justice,90
FYB,90
ROYALS,90
Merciless,90
Noble,88
Revoltz,88
Turkey,87
Uniquestars,85
Jordan's Money Crew,85
Broken Alliance,85
aimclub,85
Ambition,85
Without Warning,85
AEON,85
xTc,85
Imperio Multimedia,85
7642,85
K23,85
RESOLUTE,85
Lions,85
Premier Rejects,85
lol123,85
Quest,85
Enter,85
eXploit,85
teamasd,85
Avalanche,84
Netland,84
Airborne,84
PSYCHOACTIVE,80
MeMyself&I,80
IPET,80
EOX,80
Singapore,80
FTW,80
Virtual Genesis,80
Atmosphere,80
100 Thieves,80
Zoctai,80
EYESports,80
GameTV,80
Whatever It Takes,80
Vyalie Pitoni,80
Faint,80
OneWay,80
Stay Frosty,80
Ghost Academy,80
WG,80
RUFUS,80
Squirtle Squad,80
Those Damn Canadians,80
LaZe,80
ZOOWEEMAMA,80
Dragons,80
MAJESTY,80
Stormborns,80
Rooster,80
CAZ,80
Clutch Solutions,80
Down To Frag,80
Secret,80
beGenius,80
XFORCE,80
Chrome,80
Nordic Warthogs,80
Colombia,80
Exotic Island,80
m1x,79
Denmark,79
FTW.PRO,75
Buckets,75
Overpowered,75
FGE,75
GTZ Bulls,75
Shooting Monkeys,75
catman,75
FASTLOSE,75
SG.pro,75
buaksib,75
Worst Players,75
MAC-51,75
Niknexus,75
.Russia,75
MiTH.Maple,75
SemperX,75
Armada,75
Temp.no,75
EYES ON U,75
Red Wolf,75
Good Game PR,75
Gen.G,75
Eternal,75
eRa,75
CS-GO.rs,75
Canada,75
SMAZING,75
?,75
NokSuKao,75
STEP,75
ARCY,75
Budapest Five,75
EN9MY,75
LeftOut,75
Portal,75
Darkhorse,75
ex-Astral Authority,74
NONAME,74
VG.Anthrax,70
Tricksters,70
Warthox,70
uX,70
Remo Brave,70
VG.Renascence,70
Revival,70
Demolition Crew,70
Exdee,70
DICKHOUSE,70
Epsilon Hype,70
Comanche,70
Aerowolf,70
PUZZLES,70
RBG,70
Not Academy,70
Strictly Business,70
PITS,70
MFC,70
AOES,70
Obey.Alliance,70
GTV.Revolution,70
anime savants,70
GreyFace,70
Expendables,70
vitrioL,70
k1ck oldschool,70
SinnerS,70
NorBant,70
doyoueven fe,70
DeepDarkDanger,70
DINQ,70
Next Generation,69
Zone,69
Kaliber,65
ad hoc,65
FlipSid3 Academy,65
VTE,65
Asuna's Anime Aimers,65
attackiereN,65
Above the Rest,65
RivaL,65
Goodfellas,65
BTRG.IMBA,65
Plantronics,65
rEAK,65
Ripple,65
Fanta,65
Boys in Blue,65
Inside,65
Velocity,65
White Rabbit,65
RANKS,65
Force of Nature,65
WORTEX,65
Anonymous,65
1UP,65
Bull,65
Storm Rider,65
Fraternitas,65
PopoutBoyz,65
Project X,65
TamuluS,65
fruits,65
Caladrius,65
ex-AVANT,65
WRTP,65
YP Ladies,65
Nface,65
Aequus,65
G2V,65
EZG,65
Venko,65
Hooked,65
5orgless,65
Hyper,64
ExAequo,64
IDM,64
AWTR,63
Fragging for Andy,60
Quantum Bellator,60
CSGO.one,60
m0nster white,60
TRIDENT Storm,60
Rebellion,60
FTW.Evo,60
Quad,60
ECLOT,60
DEEZ NUTS,60
NOM,60
Youngsters,60
CG,60
Fallen5,60
OpTic India,60
DivisionX,60
J2G,60
S2N,60
merry,60
Born in Mongolia,60
NOORG,60
Insidious,60
Millenium fe,60
VeloX,60
Lowkey,60
Underdogs,60
roughtimes,60
Royal,60
Rebirth,60
Rão,60
gloryUS,60
GoldenMix,60
Keyd fe,60
Exsto,60
J Money Crew,60
Ze Pug Godz,60
Granit,60
slashLEVEL,60
autocracy,60
Sparta,60
PANTERS,59
TzatzikiKlubben,59
JiJieHao,55
Roar,55
JMD,55
FlipSid3 Africa,55
BOT,55
Dynasty fe,55
NOTBAD,55
IMBA.SAS,55
Maknitude,55
Fighting 4 Freedom,55
Riot fe,55
RB,55
ANIMALS,55
Brasil Gaming House,55
Esper,55
Fierce Tiger,55
Akatsuki,55
Riotous Academy,55
Sector One,55
GODSENT Academy,55
ex-Tempo Storm,55
Space Academy,55
LANg0ds,55
Sherifi,55
Stifmeister,55
No Quarter Cartel,55
ex-Iceberg,55
Marskalk,55
Gravity,55
ROG IzakOOO,55
cats,55
Respawn Ninja Black,55
QuestionMark,55
x1 Mob,55
FCDB,55
Skinlordz,55
Assassins,55
Mociustempler,55
Grinny Bankers,55
Acapella,54
FUAH,54
Hyper4mance,54
PUR$i$EURA,54
Delete,54
Imperium,54
Uranus,53
Swole Identity,50
Impunity,50
OnlineRol,50
n0_0rg,50
Bojestvata,50
hASSeLsNOk,50
The Final Tribe,50
Carnage fe,50
2019,50
BL4ZE,50
RRQ,50
v0rtex 5,50
Zonic,50
BuzzKill,50
Bring It On,50
Station7,50
coREA,50
Thirteen,50
Wizards,50
Tricked Academy,50
Vesuvius,50
deadweight,50
ATB,50
Think Outside the Box,50
maquinas,50
Quantaya,50
AE,50
Node,50
Most Wanted,50
Keymotion,50
Just For Fun,50
stfuNerd,50
Born,50
Deceptors,50
Astro,50
Updraft,50
OVERDRIVE,50
Reason fe,50
Sørby,50
ex-Wild,50
LAN DODGERS,50
TEAMSWAGYOLO,50
ex-Denial,50
USSR,50
WarMonkeys,50
Orbit fe,50
Fractals,50
COVE,50
Russian Forces,50
ex-Fury,50
absolute mad lads,50
Sad Story,50
Duck Nutz,50
Dippers,50
Sinners,50
walkover,50
Front,50
A Point,50
struggletony,50
glassysky,49
One More Time,49
HEADSHOTBG,49
ONEGODLIKE,48
Rysix,45
PUGSTAR5,45
demonlaget,45
KhARUM,45
heX,45
Just A Glimpse,45
boxr,45
ShotCallers,45
INFURITY,45
RES,45
UltiCoin,45
BootKamp,45
Off The Grid,45
WE HAWT,45
TheDice,45
malefiQ,45
CSBL,45
London Conspiracy fe,45
ALLIN,45
Lilmix,45
Drip or Drown,45
Master Grade,45
Cream,45
Dream,45
Synthetik,45
TheGosuCrew,45
visomvet,45
Aimers Alive,45
Nitrious,45
Snabbabrillor,45
Cyclone,45
Slaughter Rage Army,45
Blackwoodproductions,45
Team1,45
MELBET,45
TEAM1231,45
WinOut,45
WinFiction,45
Panthers,45
Vulture,45
ASDF,45
Kingpins,45
fakeDOSPRO,45
HYDR,45
warmup,45
Win Scrims Not Matches,45
ajukreizi,45
Turma do Pagode,45
Knights,45
Glacon,45
Turkey5,45
Poland,45
NewBALLS,45
Crowns fe,45
Vital Spark,45
LEOPARD,45
Wise,45
k0pfsache,45
SuperMassive,45
Neverest,45
REHTI,45
Anunnaki,44
Bragantino,44
WinOut.net,44
ttc,44
FULL SEND,44
Nostalgie,42
Emprox,40
3P,40
TOP GUN,40
RMU,40
MDL Jammers,40
Guerilla Method,40
Bravos,40
exDT,40
Masked,40
Mentality,40
GrayToad,40
ATE,40
nevermind,40
ex-Paradox,40
ex-Findictus,40
MOTV,40
Tenerife Titans,40
Just.MSI,40
Luccini,40
Good Fellas,40
ALSEN fe,40
Norway,40
Saltbae,40
NiceShot,40
FIREMIX,40
Supernova,40
Baecon,40
Singularity fe,40
LeiSuRe,40
MALCO,40
FC Lahti Menace,40
duttdutt,40
Etab,40
Syntax,40
Shadows,40
VECA,40
TYLOO fe,40
GAMERZONE,40
Agressive,40
Dobry&Gaming,40
UP,40
LEGO,40
FSNUS,40
Brave of Warriors,40
Candy Camel,40
ELTZ,40
DreamRAR,40
Esi Pirmais,40
Zorka,40
Rynnäkköviikset,40
OTFS,40
OwmS,40
ARYO,40
HZ,40
ajuri,40
VG.Potential,40
Animal Squad,40
Gosu,40
Altima,40
pow,40
Defining Stars,40
4dimensioN,40
zzz,40
really weird,39
DKISS,39
PLAYZONE,39
The Untouchables,35
E-Corp,35
Number,35
JAM,35
Interstellar,35
Atrapa2,35
Enervate,35
gamENERGY,35
ForGlory,35
No2B,35
Vilay,35
Finest,35
average25iqbutheadshots,35
Young Blood,35
Ardeont,35
eParadise Angels,35
Chiefs Academy,35
SoCal Stars,35
Lol Yeah,35
Signify,35
dreamWorse,35
PROGRESSiON,35
Mad Wolves,35
Magicians,35
Big Chillin,35
Dethrone,35
iYATi,35
ROCK CANDY,35
Macau Legend,35
Dai Dai,35
BRB20,35
NoobTubers,35
plusvee,35
Queso,35
MightyWolves,35
Karma,35
Action Live,35
FAB,35
SMC,35
myXMG Staff,35
Levitate,35
SPLY,35
Nexus Storm,35
Entropy,35
Italy,35
Finesse,35
LLG,35
Precision,35
Let's Quit,35
hookahlike,35
UnderPressure,35
PixelFire,35
Nova,35
Geostorm,35
RUNUP,35
Talon,35
Red Reserve fe,35
faithIN,35
Exertus fe,35
NewliFe,35
Sublife,35
Gambit Academy,35
WEPLAY,35
Mexico,35
Aerox,35
ImmuNe,35
Mongolia,35
Heavy KnockOut,35
Galactica,35
5cent,35
Pompa Black,35
levelONE,35
Future Perfect,35
Isak,35
Monarchs,35
Shukufuku Sunshine,35
Selfless fe,35
Kyrgyzstan,35
Dutch Prodigy,35
Ex-Rejected,35
Preparation.Yellow,35
SteamAnalyst,35
Legends,35
EHOME.Female,35
JSBF,35
.Norway,35
L4Org,35
EnVision,35
Imperial Dragons,35
PopcornPlokker$,35
Property fe,35
FiRENATiON,35
South Africa,35
Play4Lan,35
Vexed Academy,35
Knock Out,35
The Foxes,35
FFAmix,35
HUEHUE,35
Say No More,35
Exodus,35
TRZ,35
PARTY,34
Very1z,34
Shanghai Emperors,33
FakeOutNation,30
Farmers,30
D7G,30
Optimum,30
Asterisk fe,30
Freedom Fraggers,30
Germany,30
SHIPACHI,30
melty,30
mixbanan,30
EVILNINE,30
Fusion,30
Skin Ogres,30
ENTiTY.Gold,30
TOLY,30
SPRITTET,30
Oserv,30
Fountain of Fire,30
Slovakia,30
PhysX,30
WaterDogs,30
KIYF,30
sAw,30
unu.AiN,30
Kinesis,30
Hawks,30
BulletsRage.Pro,30
Five Alive,30
Squared Prospects,30
Finland,30
MAKEMiSTAKE,30
deprEST,30
Taiwan Z,30
Leapfrog,30
ExidiuM,30
ex-USSR,30
Vexed fe,30
MIXCAT,30
Operation Kino,30
Lazarus fe,30
ex-Virtus.pro,30
Soberano,30
E-frag.net Staff,30
preanus,30
Dogs of War,30
Penn State,30
Pathless,30
xoxo,30
BRK,30
KAIJU,30
mouseSpaz,30
Söderberg & Partners,30
AllTheStars,30
Random5,30
ex-Manatee,30
Cursive,30
Crystal Bears,30
NIRVANA,30
Skyred,30
Instinct,30
CheeseLTD,30
Execution,30
WClick,30
USA,30
Roca's compLexity,30
BBSP,30
Rocketlauncher$,30
Granted,30
silhouette,30
NoTag,30
Indonesia,30
Player 5,30
Astral Authority,30
TEAMMATE,30
Galkynysh,30
LiNE5 Academy,30
ex-eRa,30
Aquiver,30
CHUPAS,30
Black Storm,30
ZetMac,30
paiN fe,30
uPGaming.hellfive,30
TitaNs,30
Ulti,30
Replays.net,30
overGame,30
ERACOST,30
GIANT5,30
Uzbekistan,30
MISO,30
Zeta Strike,30
blitz,30
Latingamers,30
4US,30
Rekt,30
nGse,30
Devious,30
NewStyle,30
PEY,30
VENI VIDI VICI,30
GEX,30
EsportsAdviser,30
L9L,30
3 Canadians 2 Americans,30
District 9,30
TES,30
4Bowie,30
Sangal,30
MIKSTURA,30
Stacked Like Pancakes,30
dd,30
plan-B,30
American Eagles,30
cooL,30
WE GOT GAME,30
ex-eLevate,30
Netherlands,30
Nemesis,29
myRevenge,29
SBC,29
Black Label Society,29
Mystical,29
Viboras,29
Kazakhstan,29
EasyFix,28
TRS,28
Game4Glory,28
eSpuma,25
MMCLUB,25
Strings' Llama Pack,25
Hype,25
Play It Cool All-Stars,25
DatZit,25
DMC,25
LDDM,25
midlertidig,25
Banishers,25
toxic,25
VHQ&T,25
AKARA,25
Nice,25
Savor the Fear,25
Hard4U,25
Metamorphic,25
FENNEC,25
SODMG,25
jA'Vi,25
PUPstars,25
Devour,25
Sørby Academy,25
Ventus,25
DZVER,25
MITOS,25
MoscowMafia,25
GamesRCheap,25
Brazen,25
WarKidZ,25
GamersLeague,25
Warriors,25
Misfits and Digenerates,25
EoN,25
Tainted Black,25
QuietPlease,25
Revolt,25
pharsyde,25
Suck Brick Kids,25
PELAFUSTANES,25
Rudy's Players Club,25
TGS,25
CSGO-MDL,25
ZeGg,25
ExoPlan,25
TinderklubeN,25
AYB,25
Umumba,25
Game Fist,25
InFamous,25
Coastless,25
Divine Vendetta,25
pikgiffeN,25
eGeneration,25
eSport Engine,25
PROTEA,25
Free Transfer,25
InsaneBY,25
ex-Titan,25
Tortues Ninja,25
ROG HenryG,25
MASY,25
reflex,25
Vox Eminor,25
yodelin,25
T00EASY,25
"#SKAM",25
Otter,25
Santos.DeX,25
JESTE,25
ATMOS,25
tbd,25
OVP,25
ex-Naventic,25
Sweden fe,25
Serenic,25
SILENT,25
Audacity,25
zxcv,25
RJ Absolute,25
2K,25
Final Destination,25
LC Staff,25
VB,25
Ronin Horde,25
Dare2Dream,25
ex-Windigo,25
3xTeam,25
Pongileez,25
Org Incoming,25
MegaWonsz9,25
Swift,25
Desperados,25
hatersg0nnahate,25
CGH,25
BiG MiSTAKE,25
Flex Tape,25
404OrgNotFound,25
HS.GG,25
Hong Kong,25
Ange's Big Toe,25
ARES fe,25
Off-Mode Gray,25
Vizard,25
WiseWizards,25
We Make History,25
Cyberstorm,25
Fallout,25
noKappa,25
Reload,25
ENRAGE,25
LunatiK,25
KOPUNIO,25
Minttu,25
Secret Geniuses Club,25
Estonia,25
Trust,25
Paranoia,25
HD,25
Guatemala,25
bruto500,25
BOF.Gaming,25
EXEC,25
AG.white,25
Project Major,25
Las Vegas MiniGunners,25
eXtasis,25
ALSEN,25
Arctic,25
Kalashnikov 47,25
TG.FireStorm,25
Lin4evateli,25
MKERS,25
BIG Academy,25
Avengers,25
Romania fe,25
CSGOBESTPOT.com,25
OutPlayed,25
xqR,25
Karnal,25
Atleterna,25
MxB,25
EU4IA,25
Kinship,25
ROG fl0m,25
Moops,25
disORDER,25
Budapest Corvini,25
DEMONIO,25
Hadouken,25
Without a Roof,25
Dawn of Stars,25
Hot Ass,25
Fear the Reaper,25
Guerreros del Mouse,25
Wicked,25
Pro Era,25
Will to Win,25
Wings.V,25
CyberBullies,25
abv,25
Licht,25
Artyk,25
Gathers,25
eNergy Academy,25
Dictionary,25
GANK,25
140 Years of Exp,25
Battalion,25
Lucid,25
Dark Origin,25
Nodachi,25
DarkSpawn,25
En av de lette,25
Atlando,25
GlockWork,25
ROG HOUNGOUNGAGNE,25
1WIN,25
Gaming Hub,25
Rize,25
OutLawZ,25
Invizy,25
Mantegos,25
Throw Potential,24
GUTS,24
Ivyaert,24
Red Instinct RS,24
auRa,24
ezkatka,23
lmfao,20
Vikings.Vortex,20
Reseaux,20
SSU White,20
Dank Deaglez,20
MongrelMob,20
Veneration,20
Faceit Grind,20
MaxAndRelax,20
ARMADA,20
Vivency,20
Paradise,20
ExcelsioR,20
2115,20
ex-Spartak,20
WeRise,20
ex-iNTACT,20
ZEST,20
Gotta Go,20
Cosa Nostra,20
Team Skadoodle,20
Reap What You Sow,20
aesthetic,20
Normal People and Rustun,20
TPCU,20
3 NEW 2 OLD,20
Arte et Marte,20
Overcome,20
Impulse,20
5FRAGS.EKB,20
nambla,20
WMGC,20
RIP Fonty,20
call it luck,20
BEASTS,20
New ReVoL,20
Rush Middle East,20
Geekunit,20
Heaven's Devils,20
Overrated,20
U4X,20
Nomad,20
Aquiver.RED,20
savage,20
idc go next,20
Bet at Home,20
TORI,20
CTYA,20
MWNL,20
rUNITED,20
ROB,20
BYNIE,20
GMCC,20
Factory Assault,20
100pinggods,20
Azure,20
Suecia Vincere,20
PuddiPuddi,20
EZskins.com,20
MAESTRO,20
Groovy,20
TDJSF,20
maskinisterna,20
ROG nooky,20
UCF Knights,20
Defying Gravity,20
ex-Royal Bandits,20
China,20
RedLine,20
segura o bone,20
PreciousGenius,20
EYESports fe,20
katjakaj&bentebent,20
NinjaServ,20
Malvinas fe,20
Wolfhound,20
NPME,20
Bunkergg,20
Mount Olympus,20
deaThRow,20
Rofed,20
Xunwu Teamwork,20
Wildfire,20
NGA.G,20
Big Rods,20
EPG Academy,20
unLucky,20
AlienTech fe,20
OESU,20
Radix,20
Intic,20
can't believe she took the kids,20
MINLATE,20
God Particles,20
Hurricane Dolphin,20
Aimhaus,20
Spawn,20
Uber To Your Crib,20
Darkside,20
Divine Soldiers,20
Leader-1,20
No Namers,20
bamboozled,20
Anthrax,20
Moscow CreepZ,20
Play2Win,20
STEIN,20
FPL-CTalents,20
Millennium,20
baldkrew,20
ex-Singularity,20
Vantage,20
European Misfits,20
Kaos,20
juicey,20
Morocco,20
Goalie,20
Paris Gaming School,20
private,20
players,20
Ardeont Academy,20
Binary Dragons Gold,20
DUSTY,20
CERUS,20
CK$,20
QuackPack,20
Represent,20
eSportsLab Black,20
ColdGame,20
BlinkDagger,20
Atlas Lions,20
Victor Pedersen,20
HLTV.org Staff,20
ZZCY,20
Invincible,20
ex-Morior Invictus,20
IM11,20
The Trash Pandas,20
Tempest,20
Anti Eco Eco Club,20
Poutine Puggers,20
Pyrsos,20
Markhor,20
InControl,20
Kazek,20
Panthera,20
Holo,20
MOLLIHblE,20
OBEY,20
One Time Wonder,20
x1 Academy,20
LDLC Espoir,20
MOTHERS,20
Games4u,20
Team UK,20
CYBERIA,20
Rasta,20
One One,20
ex-Riotous Academy,20
Kryvbas,20
Virus,20
Athletico fe,20
VodkaJuniors,20
ex-BLUEJAYS,20
Mighty44,20
Krydsild,20
Glizzy Gang,20
RIG,20
Kitsune,20
dAT,20
cs24h,20
AIMCATS,20
ex-g3x,20
CSGO2x,20
Baltic Elite,20
SSU,20
naptoR.Factory,20
VATIC,20
Devcat,20
Sanctuary,20
SHAAVEJI,20
FiveG,20
Vulkanbet,20
Axis,20
Ramadanpeek,20
The Home of the Grave,20
Quadruno,20
Hollywood's Hooligans,20
Puzzle,20
Queen Consolidated,20
HeyGuys,20
Atlas,20
OFFSET.OMNI,20
Fantazeri,20
Camel Riders,20
Hentai Hooligans,20
nTice,20
Daryl's make a wish,20
Ratatatata,20
Burning Blades,20
ZEN,20
Mock-it,20
Digital Wave,20
Rstar,20
ggrabb,20
Lynx,20
4Real,20
Stack B,20
6sense,20
Maaischguet,20
nebuloza,20
Neolution Lelix,20
Atlantis,20
CSGO-Saloon,20
On The Run,20
Owned,20
TMVG,20
Capcorn,20
icsu,20
ex-Bizarre,20
ECL,20
Serbia,20
über n00bz,20
Bananaboys,20
Hobro Vikings,20
Kindest Regards,20
Incursion,20
raregods,20
The Tourists,20
Poutine Warriors,20
Xtreme Lungiz,20
7evenChapters,20
PG BarracX,20
freakss,20
BBC,20
TogetherAsOne,20
Skal du begraves?,20
Drama Dogs,20
FaMiLiA FaCiN,20
XPRESIV'E,20
Aquiver.BLU,20
"#FREEIBP",19
Devious,19
CPAVKY,19
Bring Me The Horizon,19
ThaiFrilla,19
Arial Arise,19
Kingdom,19
Ex-Thunder Awaken,19
DSS,19
ASNINJAS,18
The Prime,15
CYBERSABLE,15
Zero Respect,15
BANANFLAX,15
Heaven,15
Wyvern Ladies,15
Expert,15
Vengeance,15
Golden Children,15
WildSource,15
djakuyu,15
timbermen,15
"Hi, I'm Billy Mays",15
One,15
7Kings,15
Voitelijat,15
Third Impact,15
Follow me @,15
Mostly Homeless,15
lapw,15
SADBOYS,15
Demise fe,15
2anosOLD,15
KritConfirm,15
Wargods,15
ren$eriet,15
VatosLocos,15
FTW. Prinfor,15
aZ,15
mYinsanity,15
Novacancy,15
Regal Reserve,15
Magic,15
Equals,15
Philippines,15
ROG-Warriors,15
Paradox Supremacy,15
Magnum Monsters,15
KYNYNIEKAT,15
GSC Sharks,15
wrAth,15
WAR,15
Baskonia,15
EFV,15
5Hunters,15
Strawberry Puppy Kisses,15
moDstand,15
SLK,15
Iraq,15
Secret[B]oys,15
UMass,15
TwistoFate,15
Shot,15
Gamdias,15
Competitive,15
Fury,15
NBD,15
Octopus1,15
Sadbots,15
MDL All-Star freakazoid,15
LCM,15
l4nd0dg3,15
Fox Stratos,15
Unemployed for Christmas,15
XFXQ,15
Jordan,15
GameZone,15
A LA MIX,15
Tyrant,15
No IdeA,15
Drawn to Fulfillment,15
ex-MC,15
NeverPlay,15
Attack All Around,15
Orimligt,15
GO FLEX,15
Vaevictis,15
First Picks,15
Feenix,15
Metapods,15
Team seang@res,15
GODS.WIN,15
Area08 fe,15
Wings.Blue,15
Future$tars,15
aNimus,15
FTW.G2A,15
Cerberus,15
iDomina,15
Crystal Vision,15
Honor & Glory,15
AVENGERS,15
NALANE,15
Third Times a Charm,15
No ID,15
kinetic,15
Xtreme 5,15
Doxa,15
nEEts,15
Ancients,15
The Frag Dolphins,15
Eclipse.ZB,15
Handface,15
Andrew's Big Toe,15
Darayu Delta Squad,15
miMo,15
Gamers INC,15
Ekaterinburg,15
BOTS,15
CLG Green,15
GG,15
roki,15
TCC,15
Dynamo,15
Violight,15
Pixel Kings,15
need more DM,15
L'arrosoir,15
Business 5,15
Impact,15
INTZ fe,15
ratoes,15
OA,15
AC-130,15
ACES Ladies,15
ROG ceh9,15
a114u,15
HEXGEARS,15
Wohooo,15
Samurai,15
ZeroGP,15
ROG Maikelele,15
Fearow,15
CAI,15
Peru,15
Sigma,15
Não Tem Biscoito,15
LAN Lords,15
aimg0d,15
NewTeam,15
dnodudez,15
Jehovas Ultras,15
Unknown fe,15
IRONMEN,15
ROCCAT,15
Shidiots,15
Ezentify,15
Presidentée,15
benchwarmers,15
Menace,15
Az,15
Snail Trail,15
ex-paiN,15
Valorix,15
Portal X,15
Devine fe,15
DJAEVELS,15
Reign,15
Alpha Nerds,15
SlashCry,15
FUKS-B,15
NAEGT,15
Kansas City Pioneers,15
Northeast Mayhem,15
Ninjas in Vandamkes,15
Airless,15
OG GANG SQUAD,15
taloo,15
HealthPoint,15
CL4NLESS,15
Fragbox,15
SP,15
Fidelis,15
BayoBoyon,15
doktoRs,15
Skjuta Hess,15
Equilibrium,15
LANGUDAR,15
Outsourced Tech Support,15
TwisteD,15
EZmarket.org,15
FcottoNd,15
INTZ.Home,15
me yom araka,15
In Young Ren,15
lotb,15
Attention,15
GANSOS,15
Lithuania,15
ParadokS,15
LoaThE,15
FR34KSHOW,15
coluant,15
CyberEA,15
AFCA,15
Spain,15
Riddle,15
FOREVER 21,15
Living Like Larry,15
Rude,15
ConfigStarz,15
Blue Void,15
Defy Rebellion,15
Aranea,15
Booty Clappers,15
xD,15
iNTRO,15
Cruxie's Farmers,15
Ses på Bahamas,15
Team hazed,15
INNOCENT,15
Karlsperk Kurwand,15
IHAVEADREAM,15
Coast,15
EXILE,15
Assault Team,15
FeelsUnderAgeMan,15
The Onliners,15
Spot Up,15
Kheegui,15
SoF,15
Moscow Five Academy,15
Huzy,15
Best Boniatos Ever,15
FONTAN,15
Los Mariachis,15
Mega Lada,15
Thailand,15
Phantoms,15
3R2L,15
O2,15
ex-T.O.T,15
Depre,15
Telecon.Jundiaí,15
CS00,15
Vyb,15
ROG friberg,15
Luxul,15
ballogando,15
Rhein Neckar,15
AdskiyRazgon,15
Waterboys,15
POP4ZITS,15
TEAMPLAY,15
Vinkelparty,15
ALPENKINGZ,15
RageFaction,15
Iceland,15
Meraki,15
Rampage,15
Braindead,15
Clarity,15
Singularity Academy,15
IMPRESS,15
Vicious Adikta,15
skipping school,15
TV stars,15
Cortex Red,15
$HAMELE$$,15
ex-QBF,15
XXX,15
Howl,15
30.6,15
APE GANG,15
UA$AP,15
squad,15
Grow Up,15
Waves,15
Far East Boys,15
Project Skyline,15
ex-Vizard,15
RoX,15
SkitLite Academy,15
Cipangu.GO,15
PRIDE Academy,15
SJK,15
ProGamers,15
Montenegro,15
Supreme,15
ex-Splyce,15
Seven11,15
LE CARTEL,15
MARKandLARRY,15
ROG SPUNJ,15
Wolves,15
RedFear,15
Tekweb,15
HARDNEJA,15
PHD,15
CHEFROTTEN,15
slisk,15
Libya,15
7PM fe,15
New4.wolf,15
Blue,15
Ladon,15
ex-Wind and Rain,15
Dem Boyz,15
Ballistix,15
Orange.Sphynx,15
Sniper Squad,15
UAE,15
2BYL9,15
The Eternal Hunters,15
GD,15
MZ,15
Namibia,15
Spirifex,15
Na`Vi Staff,15
HyperioN,15
SOLARIS,15
SUPERTEAM,15
topkek,15
NOXIUM fe,15
Destructive 5,15
Phenomenon,15
tba.ladies,15
Encore,15
SvQmmerICruzares,15
SnakeS,15
Awsomniac,15
Rascal Jester,15
Off-Mode Black,15
mCon fe,15
TankPauk,15
CyberRevolution,15
Power Ace,15
Mammoth,15
K23 fe,15
Dejavue,15
TRAZED,15
ex-No Limits,15
DELIRAWOWZIK,15
Clout Chasers,15
Swag Silicone,15
Kobruh,15
RatsOfTheYear,15
Fraggerz,15
Tommy And Friends,15
Global Sanction,15
Russian Street Party,15
Revelation,15
DWFN,15
WAYE,15
Khunnu,15
Czech Republic,15
Curiosity,15
eLixir fe,15
RHD,15
Caseking,15
Legend,15
LITVA,15
ez money crew,15
ECVisualize Academy,15
MoopsXD,15
nonamer5,15
Lebanon,15
Crashers,15
frequency,15
MARVO,15
BERIH,15
fSociety,15
SpaceStress,15
frillkammare,15
NGA,15
Cataclysm,15
Black,15
qup,15
Slovenia,15
Fows Money Crew,15
EasyMind,15
Legacy of Aeons,15
ingame,15
TradeMarc,15
Alberta Legends,15
LGD.SAS,15
fRactals,15
The Mad Lads,15
Brekan,15
Fact Revolution,15
Excellence of Execution,15
8 Minded,15
Force of Modem,15
Duffle Bag Men,15
Faith Unity,15
o9,15
Detonate,15
Cucumber Water,15
caprisonhey,15
LeetPro,15
5Love.N4,15
WARDELL N Friends,15
Hala Ares,15
EaV,15
puLse,15
Portugal,15
Entry,15
Portal Blue,15
GOGOMYTEAM,15
DSRack Academy,15
Londr4ma,15
Quixotic Reality,15
Bar røv og sandaler,15
SCARZ,15
AIMERZZ,15
!nsurgents,15
C_gByX_Hor,15
Vital,15
MnM,15
hiddenOP,15
Various Artists,15
MadKings,15
Royal Flush Seven,15
CLEANTmix,15
Gronplade,15
Polaris,15
Royal Bandits fe,15
DollarHouse,15
London Slayers,15
Wildcats,15
Chocolates & Beers,15
TRIS SVIITRAS,15
Leader-1 Red,15
Hator.CZ,15
Aria,15
vVv,15
verying,15
Copenhagen Flames fe,15
York,15
GRIFFINS,15
/dab/,15
fan jävla,15
ViNCO,15
ALTERNATIV,15
Vitória,15
Electronik Generation,15
Sippintea,15
Exotic fe,15
Fragsport,15
Frigid,15
LiNE5,15
OnceAgainst,15
Netrunners,15
AllTheRage,15
elements,15
Vietnam,15
BootKamp fe,15
HauntedFamilly,15
NeedJobs,15
Douyu,15
Malafama,14
Croatia,14
BOOYAKA,14
Rogue.mix,14
orgless,14
Vanguard,14
ECO COBRAS,14
Make it Happen,14
meNikmati,14
Jaguar SA,14
Chile,12
Bulgaria,12
KappaMA,11
Budapest Blaze,10
CPTL,10
Kings fe,10
Nem Viu,10
kaban,10
Movistar Riders Blue,10
5Aces,10
Dimension 5,10
Insolent,10
Just Make it Fast,10
ClearVision,10
epikk,10
DISMAY,10
Synergy,10
PORCHA,10
TBA,10
GUCCIBANAN,10
VexX,10
Chill,10
paryvodnikov,10
HASZTASZ,10
evicted,10
Vapebar,10
disADVANCtagED,10
Fylkir,10
Disabled,10
EVOS,10
UESmash,10
SpeedRunners,10
Onyx,10
darks1d3,10
ShapeShift,10
WickedYouth fe,10
Default,10
FOXTROT,10
OCEAN's Fan Club,10
Nobodys,10
YoungPower,10
BRIEF,10
Beerminators,10
EnRo GRIFFINS,10
UbS,10
GrabbarnaGrus,10
Easy 5,10
Izrgod,10
Final,10
SHIFT.WHITE,10
imperial,10
Monolith fe,10
mix0r,10
calmface,10
OmFmike,10
VengefuL,10
Chetz,10
KAV0,10
EVOLVE,10
Moral Alliance,10
QkM,10
afterm4th,10
Homeless,10
Toppen 2,10
EleMeNade,10
Volta7,10
hateMania,10
oXzone,10
HWA,10
Hentai Heroes,10
h$hjukken,10
ESEA Clout Tokens,10
KiD,10
sickteam,10
DetonatioN,10
ROG Skyyart,10
Raiders,10
Vacuous Baboons,10
AR8,10
cisbots,10
EZ5,10
Allround-PC,10
balenciaga,10
Orgless fe,10
Qulity,10
Crooz Rascal Jester,10
TDR,10
hayai!,10
Prima,10
NotStoned,10
Vex,10
HOMELESS,10
1820HT,10
HUKKA,10
ex-Make it Happen,10
ENTiTY.Blue,10
CSatse,10
Vanquish,10
Bitfix,10
BattleOn,10
METABOLISM,10
Xwar,10
YellowTeeth,10
31337,10
NYSM,10
Pixel Hunters,10
Sway,10
XGS,10
24SJU,10
Live on Three,10
OverSports,10
Ramboot,10
Sentinel,10
PainFuL,10
PGB,10
KNR,10
zdarova,10
Shyboyz,10
DO OR DIE,10
Syndicate,10
Not Today,10
Lambert,10
RoyalClub,10
Santos.DeX fe,10
Medieval,10
og3od,10
Vainox,10
lesgedi,10
Exalty,10
rat-gang,10
3era,10
MorningStars,10
GoSu,10
NASCAR Dads,10
Go1dShark,10
Balderisnor,10
guccixD,10
MadMonkeyZ,10
neruna,10
MASK 0N,10
Pulse,10
Bounty Hunters,10
ne parsya,10
Veneration Rejects,10
Just Deal With It,10
Itakera Classic,10
play4fun,10
forZe.FY,10
KGG,10
DREAMSELLER,10
PROSTAKERS,10
ex-Next Generation,10
SFTO,10
Gam.Academy,10
Taiwan,10
Bleiz,10
Telos,10
Gucci Squad,10
Wasted Potential,10
the boyz,10
Washed up 17 year olds,10
Vac Banned,10
Saints,10
Algeria,10
ex-Mentality,10
Baghlan,10
fm!Ladies,10
France fe,10
University of Texas at Dallas,10
tribE,10
MoGuL,10
Voltage,10
Sørby Black,10
WeNeedOrg,10
ex-31337,10
SLTV Staff,10
MDL All-Star steel,10
Schadenfreude,10
War Fleet,10
Ace High,10
conspiracy,10
ex-NSPR,10
C'EST LA VIE,10
Temporary Kings,10
XENEX,10
KotK,10
Legion,10
Death,10
etoile,10
Lucendi Azolt,10
TEAM.TDA,10
GODLIKE,10
eXtreme,10
Runtime,10
Jake Bube,10
Evilvice Black,10
BARCELONA,10
Toppen,10
The Mooninites,10
LongHAIRidc,10
BE INFAMOUS,10
Arrow,10
LSU,10
Lunacy,10
Infernal Paradise,10
FAM,10
TACO.RED,10
ZaBabkami,10
OKSUCC,10
SLAVGENT,10
Champagne SuperNova,10
Infinity.ar,10
One-Tapz,10
ESG!,10
S Nastupaushim,10
AOT,10
NET-FLX,10
Resiliency,10
Modus Awperandi,10
autisme,10
Evident Victory,10
SEDNA,10
eXanimo,10
einheit,10
RUNnGUN,10
FootGang,10
Belarus,10
Lemondogs,10
g4m3rZ,10
Horus,10
Old Hunters,10
fLYVERNE,10
JoinTheForce,10
porcvac,10
Acenda,10
Rize fe,10
1hp,10
dans Ta yeule,10
SACRAMENTO,10
POWEROUTAGE,10
Lethal,10
team7,10
Doxxa,10
UTA,10
AGAIN,10
Fuglebjerg,10
IGG,10
Influx Nordic,10
SHADOWS,10
CT,10
Fantazerbl,10
ENYO fe,10
dreamWorks,10
Whisper,10
West Coast Fraggers,10
Toast2Coast,10
SITMENNÄÄ,10
m0nsterOS,10
ROG pronax,10
godz,10
Rippers,10
UCSC,10
DedSet,10
Chiken Squad,10
Jurassic,10
Offbeat,10
FCSB,10
Team n0thing,10
ex-Spotnet,10
KiM Kardashians,10
2Be Continued,10
Oceanic,10
6e3t9n,10
Jokers,10
kr0nikz,10
ex-Deathtrap,10
maslomaslo,10
RTB,10
Pufiki,10
Astrahacks,10
HOMESENT,10
Fragbite.se Staff,10
BUND,10
Bigetron,10
Temporary orgless,10
VCU,10
Made in Canil,10
Proximity,10
Oisko Marjoja?,10
Nevermad,10
Bl1nK8,10
Puggers United,10
NiP Staff,10
beastINSID3,10
Native,10
Wyvern,10
enable,10
Imagination,10
gothboiclique,10
Scratch,10
WiseWizards Academy,10
qwerty,10
University of Houston,10
BRZINA,10
Overwalk,10
Ferox,10
ZERO,10
Connect,10
Hell and Kill,10
Kadmus7,10
Boomies Money Crew,10
1NE,10
Dogmen,10
gejming haus aula,10
finshhh,10
WeOnlySnusSiber1a,10
Zagreb360,10
FNS Had a Kit,10
They Don't Know,10
4'US,10
Polbit Pogon,10
x0x0x0,10
Elysium,10
E-RIVALS,10
Momentum.air,10
RWG,10
Almogverus,10
DnA,10
The Huggies,10
Predator,10
Tiny Meat Gang,10
Pub Masters,10
orzeszki123,10
ROG fe,10
Toggle When Needed,10
ex-PRIDE,10
Alter Your Ego,10
Bad News Bandits,10
Area51,10
SSD,10
The Last Resort,10
JHS,10
Denzaaaa,10
XRM,10
MaG PuneF1ve,10
TimeChasers,10
Nexus Academy,10
Hidden Potential,10
Absolute Legends,10
90ss,10
Untagged,10
pork,10
KÄFTSMÄLL,10
hard'N'play,10
internazionale,10
Binturong Boys,10
Murderers Row 5,10
Tech Titans,10
Power Danger,10
Derank Machine,10
WDHA,10
SesiBaren,10
sensational.kr,10
Não Tem Org,10
ex-Caladrius,10
FeelsBenchedMan,10
Dreamboat,10
VICTIM,10
ex-Bragantino,10
Vae Victis,10
Make It Happen,10
Turning Point,10
123ost,10
YoungThugs,10
EXORS,10
Fearless,10
WhoCares,10
JSG,10
ex-Intic,10
PointClick,10
MONARCHS,10
KINGZZZ,10
Blink,10
GamerZ,10
Project Lunacy,10
Kennesaw State University,10
Pulsive,10
haschpsykos,10
LeyHorse,10
uNiQUE,10
Nettisankarit,10
Wolfpack,10
yzn,10
Armory,10
Mortal,10
United,10
Entelechy,10
GAMERZ BLUE,10
Vcore Knights,10
Team ROTW,10
PENSIONERS+2,10
Executors,10
nKnown fe,10
CarritoSpain,10
Gameworks,10
ArchNemesis,10
HEXAGONE Cubo,10
CQM,10
koppxd,10
mustasch,10
Eyez-on,10
GRUBASy,10
Upset,10
AfterClap,10
OGN,10
SecretStore,10
Brutalis,10
Grown Men,10
thnakes,10
SuperOVD,10
ClaqueT,10
Turku Evolution,10
XUXAN,10
harambeGOD,10
United Estonia,10
EveryBodyDance,10
mindplay,10
Palestine,10
Conan's Money Crew,10
LeviAthaN,10
InTheM1x,10
LPDC,10
myXMG,10
Fantastic,10
gundeK,10
Set the Rules,10
ex-skullz,10
NLG,10
BOOOOAT,10
sylloM,10
a-game raise,10
Creation,10
N1ceTry,10
Reform,10
GoHome,10
aTw,10
No Limits,10
Nova Academy,10
flushafanclub,10
voLante,10
Leonid,10
XDDD,10
Team coldzera,10
IndiaNGamers,10
magazynpeek,10
temporary,10
Absolute Unit,10
clear,10
Reagan’s Money Crew,10
COMIX,10
IGNITE,10
Skullz,10
B-EFFECT,10
hittasista,10
Penguin,10
SponsorUS,10
omae wa mou shindeiru,10
PRIMORDIAL,10
apexfrag,10
Quintic,10
Malhar,10
9INE,10
Fit-Pel,10
n0rth reb0rn,10
HIGHWAY,10
Somali Pilots,10
Eat You Alive,10
BASE's Money Crew,10
small meats,10
Aftermath,10
anoniempjes123,10
Stubborn,10
Drunkco,10
Falkn,10
Bogatiri,10
Black Horus,10
Norway fe,10
Gott & Blandat,10
ex-Epiphany,10
ONLYUP,10
Shooting Stars,10
30minuter,10
Clean Sweep,10
online Bots,10
Fnatic Staff,10
Reaction,10
Moraira,10
Sørby oldGold,10
Superstars,10
Disenthrone,10
Sunshine,10
CIGAN-KLAN,10
Memorable,10
NOX!UMAN,10
HastaLaVista,10
Rulez,10
beastm0de,10
Anuncie Aqui,10
mixLAN,10
ex-Nitrious,10
Von Steuben,10
Venkonas,10
Almost Chad's,10
Axylum,10
TheLegendOf,10
1944,10
ROG Luke,10
bivaetitak,10
plan-B fe,10
Resurgence,10
ARCADE,10
Nova Youngsters,10
Rainbow,10
HS PÅ LAGER,10
Switzerland,10
Rimi,10
EZISKINS,10
Team FalleN,10
fakemaquinas,10
water gamers,10
2333,10
low riders,10
Relapse,10
DEFY,10
ROG Pimp,10
Aim High,10
Latvia,10
XGR,10
Lose,10
Saskatoon Warriors,10
JavsrieN,10
nice$hot,10
Rough.Shark,10
tNt,10
AweR,10
@SNULLE,10
Royalty,10
ex-Storm Riders,10
Ten Gallon Terrors,10
Southern Roofing,10
iNTERWEBZ,10
up north,10
ONFIRE,10
Bad Monkey,10
Genus,10
Warzone,10
Carpe Noctem,10
Sons Of Lennart,10
Carpe Diem,10
FreeDoom,10
The Working Men,10
Booty Duty,10
IVERIC,10
Kolding,10
Game Show Staff,10
Xiphos,10
GUS-Gaming,10
Stabæk Momentum,10
Steam Rollers,10
BTRG.HK,10
POKE,10
Third pupil,10
Raepmashaekel,10
AurumFive,10
key2success,10
Pompa Academy,10
porkSports,10
smiechawahehe,10
99damage.de Staff,10
KoVi,10
Just,10
Valour,10
GimmeSomeCANDY,10
Gravitas,10
Kukulkan,10
Night of Killers,10
Gamesport,10
Space Shuttle Peekers,10
SI,10
Avenue,10
chebran,10
The Pensioners,10
BUNNIES,10
Rising Sun,10
Forbidden,10
fbg,10
Phoenix Heroes,10
Speed,10
Veni Vidi Vici,10
heliumsgrabbar,10
Los gurises,10
eZaF,10
Pipel,10
RedFear.wild,10
Paprykarze,10
ch114u,10
Dominican Republic,10
ArkAngel fe,10
the pickles,10
BestClub,10
Evil Corporation,10
Japan,10
RADNICKI,10
Fidem,10
ProdigY,10
Bagu3tte,10
Regret,10
NEO Blue,10
lvlUP,10
L.O.R.D,10
Ollebolle,10
QQ,10
ASP,10
Dream Chaser,10
E-Vian,10
DStreet,10
cOOLkids,10
top100,10
VNS Sushi Rão,10
weneeddollars,10
Shark fe,10
ViRGiN5,10
Station-751,10
HaFiÐ,10
YamatO,10
Killing Your Idols,10
Thunder Awaken,10
Ty Krasava,10
Dynamic 5,10
s4s,10
TheOwls,10
LAMIF,10
Yoink,10
XGR-X,10
Maestro fe,10
Asiamix,10
Oracle Empyre,10
Romania,10
Bosnia & Herzegovina,10
HSL,10
Stomps Money Crew,10
Blink Once for Help,10
Friends,10
Pugs not Drugs,10
naegt 2.0,10
UT Austin,10
Illini,10
FORTHEBOYS,10
Young Daddy Gang,10
hős utca peek,10
YouCorn,10
Sons of Scoots,10
topnotcheu,10
Egypt,10
El Salvador,10
Savage Wolves,10
Bulldog,10
Watchmen,10
Aztek,10
Sneaky Assasins,10
Nova Dragons,10
Gamezone,10
Free Agents,10
bootcampPARTY,10
asd123,10
Resistencia,10
Retired,10
ex-Luminosity,10
Fiery,10
UMULUNGI,10
UNITE,10
20matar,10
Xiphos ZeGg,10
skrr pop pop boom,10
MGRG,10
Hungary,10
bluuuuud,10
Hammer,10
ENEMIES,10
LetExerzCarry,10
Control fe,10
soNOFF,10
TANTRUM,10
notkicked,10
studs,10
Pur$iseura,10
YaMaHa-AEROX,10
Enigma,10
Nativ,10
PRINCEADIL,10
Tribo Fu,10
GAMERZ RED,10
BerZerKers,10
Heavystompers,10
dizLown fe,10
Aviato,10
Piantaos,10
kalajarnot,10
ex-Circa,10
Homesent,10
AaB Elite,10
Blojexpressen,10
Aim4R,10
Team Australia,10
United Kingdom,10
Cemoxic,10
Trumps Anime,10
DTA,10
Drove Here From Cali,10
Tog,10
TOA,10
Planetkey fe,10
Unikrn,10
3v,10
In a Hurry,10
LONDONGG,10
PUGLIFE,10
InSmokesWeTrust,10
mix123,9
Empath,9
Born to Kill,9
CANADA,9
gucciTiger,9
HD4R,9
False Gods,9
Venezuela,9
MeAndTheBoys,9
Sub:stance,9
Brazil,9
StackEm,9
RSC19,9
Quickhands,9
panic,9
smh my head,5
Orda,5
DESTRUCTORS,5
essketit,5
Keymotion Red,5
Fireplay,5
ROG zonixx,5
FREEROX,5
MIXSQUAD,5
YeakSa,5
The Naive Ones,5
38arbel97ra2,5
Homesick,5
mixtape,5
eLapse,5
Paraguay,5
MDL All-Star Katie,5
jmihmix,5
Salty Skins,5
ex-LC,5
cheater$,5
HEAT,5
Rektus,5
FT,5
InFlames,5
LND,5
Mistaken.Ares,5
Plus10Elo,5
XTC,5
MbI MuKC,5
Red ViperZ,5
RED,5
FPL,5
elixe4,5
VITAL,5
ex-Honor & Glory,5
Samhall,5
Babos,5
Bulls,5
IdentityDisorder,5
BDO,5
Pansarvagn,5
ENCHANT POISON,5
Czeska wladza,5
BULGI,5
lightwork,5
Sky,5
EMASTERS,5
Jebaited,5
BFS,5
Intex,5
Loto,5
HellSide,5
Prex's Goon Squad,5
KPG,5
GNS,5
810 SENPAI,5
INFIGHT,5
father,5
JMDaiM2GaME,5
Blu,5
mimimishki,5
RevolutioN,5
Skillnaden,5
LaVidaLoca!,5
Starfactory,5
cokeline,5
Antithese,5
my friends,5
EHOME.SP,5
Armee Rouge,5
Vipe's Anime Squad,5
Mist Globals,5
Incubus,5
God Squad,5
Malaysia,5
ClownS,5
Broshenki,5
AfterLife,5
IvrigaFingrar,5
TINPLATE,5
wickeds1ck,5
Evokate,5
CHI DA?,5
main jammers,5
Team To Beat,5
Relic,5
ATH Academy,5
ex-CPH Wolves,5
S2V,5
Untitled,5
CrouchShoot,5
DogDown,5
AiM,5
Orgless Kings,5
ENIGMA,5
Arks,5
DANK,5
16yotalents,5
EBOOT,5
Apocalypse,5
TangoWorldWide,5
sB.red,5
AT FINEST,5
EZPZ_LS,5
RUZKI,5
POKAMOLODOY,5
Valstars,5
FiMAGi,5
dSc,5
headpoppers,5
Random 5,5
PeppaPigs,5
AGN,5
KVALL,5
Cardinals,5
.Sweden,5
SpawnKilled,5
97club,5
Skeletons Again,5
HNCE,5
NUE,5
Till We Die,5
EXTREMEFAST,5
cleanup crew,5
Depth,5
Estanbul,5
Anime Cheats,5
MishMish,5
NoBrain,5
YAN IS BALD,5
rOLLERZ,5
MAXIMUSS,5
Rising Note,5
ICBW,5
ThirdSense,5
Hangover,5
Mahameru,5
ex-melty fe,5
SamerTajm,5
Aug Squad,5
Powar Rangirls,5
semXorah,5
Must Be Stronger,5
PSISTORM,5
Virtual Impact,5
Easy Qualifier,5
kriklekrakle,5
Madvillainy,5
Eco Fraggers Anonymous,5
MYF,5
HaBzz,5
University of Colorado Boulder,5
ASdffuf,5
Athletico Black,5
REXO fe,5
ggnore,5
Flaxbanan,5
Klappskaft,5
WaSiStLoWs,5
EZRetake,5
EloPerMinute,5
Kepsilon,5
Puppet5,5
WeGotGame,5
Royals,5
fproject,5
JustSwing,5
UNK1ND,5
Evil Monkeys,5
VirtuaFX,5
Texas,5
NoNamers,5
Scotty's Scooter,5
OPENBALA,5
HOLYHIGH,5
Evazust,5
PANDA,5
Aftermatch,5
Assault Arena,5
punktexe,5
weWILLwin,5
Flexal,5
From the Ashes,5
Fragzone,5
Orbis,5
Enervate.A,5
Ohio Meat Wagon,5
Team East,5
Miraculous Hawks,5
Real Street Gamers,5
EX5,5
GNSL,5
DUMSPIROSPERO,5
CIS.PRO,5
SonsOfTzu,5
Black Jaguar,5
Majestic,5
ReVamped,5
WCNL,5
Third Equinox,5
Made in Algeria,5
Xavier,5
VANTA,5
DeathWay,5
.4sv,5
Tundra,5
SL Talents,5
dAT fe,5
Vikingekrig,5
potatosquad,5
FCG,5
5Gamers,5
Pejnozord,5
Dzirkstele,5
SV,5
ex-noMERCY,5
Game of Throw,5
THE MIGHTY DUCKS,5
wyfyka,5
Serpentis,5
VajagSalabotBehu,5
Vibby,5
Ichorous,5
Aetas x Strijders,5
No Cap,5
ICON,5
Boxers,5
TverbBogi,5
Aim.Attack,5
EZG Reunion,5
LEFTOVERS,5
MDL All-Star boltz,5
KUURA,5
1bullet,5
whatsup,5
DragonDK,5
Kitfoxes,5
Masters of Panic,5
BKO potata Aim,5
Jurassic Park,5
Crew,5
XenoDragons,5
Hot Shot,5
Spinach Farmers,5
CSGOGYN,5
Feniks,5
Shoulder Peeker,5
Ecuador,5
Wasted Talent,5
Absolute5,5
Problematic,5
Reawakened,5
Team of Miracles,5
RAIDERS,5
rashB,5
eRazed,5
ABOC,5
Rulz,5
cabrone5,5
egern,5
ClickHost,5
Team rain,5
INCRED-C,5
un-named,5
low mangoes,5
ZePugGodZ,5
Mirage fe,5
Red squad,5
Champ,5
BraveHeart,5
Problem,5
Albania,5
XtoD,5
Sloth,5
KaBuM.IDM,5
ImbaTV,5
Red Panda,5
Freeman Lord,5
Horseshoe,5
GuAt,5
PLAY5,5
Depreso,5
CSGM,5
WHAT!,5
Radical,5
DOG77,5
burds treadmill,5
etopkald,5
Gromatic,5
Coffee's Bois,5
:domigais:,5
G.G,5
Online pro,5
RICKED,5
RAKOSI,5
YOY,5
eudededede,5
Spectacle.A,5
skeet,5
offBalance,5
AT POWERHOUSE,5
5b0rk4,5
Infire,5
RoyalFamily,5
LeetPro fe,5
cykapower,5
Accuracy,5
India,5
aiMMode,5
Ninjas in Boedo,5
TYSKER,5
Elusive,5
F7,5
Pantoms,5
Christon,5
Level1,5
Meet Your Finisher,5
Balkan Bears,5
SeaLions,5
Ninjustice,5
PEEKERS,5
RUSH B,5
SFT,5
Noobs Gone Wild,5
Spassk,5
Kuwait,5
Eyeshield,5
BlackSheep,5
Supervillains,5
KAPOW,5
CPLAY,5
Hydra,5
Miscreant,5
T-Arena,5
ACES,5
Harlem Spartans,5
Earthroot,5
Mostly Animosity,5
Team NA,5
TolóPeek,5
Bonde da Stronda,5
nGw,5
Exillium,5
Viral,5
BOM,5
Kafan,5
Man of the Year,5
Giants fe,5
Wildfire fe,5
Arvaikheer,5
BlessE,5
HOM9k,5
Nevereverland,5
PewPewX,5
Nordics,5
Leaf,5
famous5,5
Zettai,5
levelONE Academy,5
n1ce,5
SGINDOMIX,5
Paper Rex,5
Apologis,5
MOLDOVENII,5
inf!nite,5
Online Mix Ftw,5
Blank,5
nomercy,5
Good,5
LPA,5
Lioncast,5
newNature,5
Capri Sun,5
VelGT,5
e-Leet,5
Bronchitis,5
MDL All-Star NikoM,5
gomixhehe,5
OK.Blaze,5
Katari,5
Veneera,5
Wolf5,5
sk8erbois,5
77,5
MDL All-Star chelo,5
ex-Wisła Płock,5
Star Spangled Fraggers,5
ROG adreN,5
TBi,5
ANT-,5
EGB.com Staff,5
TURBOBRICKS,5
Evitas,5
Wizard,5
LOCALG,5
Bolivia,5
MOST VALUABLE PLAYERS,5
HaMoPeDe,5
Bulldogs,5
iNET,5
EDF,5
WaRLegenD,5
shoot back,5
RED STAR,5
CAS Howl,5
noMERCY,5
ryokas,5
6558H,5
EF,5
MVW,5
N47,5
B-beasts,5
Genesis,5
S&P,5
Sharkgaming,5
Zoom,5
Nux,5
Doges,5
Napalm,5
OX,5
N4M1N0R,5
xAstris,5
HUE1,5
Young Money Militia,5
Team World,5
RUTHLESS,5
kombucha,5
5Love,5
Invisible Wings,5
Little Einsteins,5
Pries,5
NIRVANA.Phoenix,5
mystic,5
battlezone,5
Awaken Militia,5
Kung Fu Masters,5
Veteran,5
tjaswelolxd,5
RevivaL,5
dope,5
The Ruskiz,5
Born Again Hard,5
Van Dyke Browns,5
Evolve,5
Santos fe,5
PressZ,5
Coalition,5
23,5
FreeStyle,5
Team EU,5
Dreamcity,5
RAIJIN,5
pullerZ,5
Converge,5
CyberBullies Reborn,5
Boom,5
Sample,5
Adroit,5
LFTOVER,5
POGGERS,5
Never Broke Again,5
zuttt,5
HSHC,5
complexSimplicity,5
IEMKT,5
fulfill,5
iConic[5],5
Bad,5
YATB,5
PIXELBANDITS,5
ZzzZzzz,5
LoudNClear,5
c2fire,5
ZWIERZETA,5
TBD-PL,5
Iran,5
Out of Nowhere,5
Aposis,5
Stepback,5
unfortunate circumstances,5
pieuwpieuw,5
FX,5
cat345,5
QCCLAN,5
Midwest CS:GO,5
Naevermind,5
2FAST2FURIOUS,5
Last Picks,5
Green Crosshair,5
SICKNASTY,5
The Burgermen,5
Wet Bandits,5
BFFsIRL,5
Scorpions,5
Wisefrag,5
De Steusels,5
Lords SGG,5
Teamteam,5
NorthSideWolves,5
pincsyt.plus,5
e4e,5
INRI,5
Simplify,5
Kampners Advokatbyrå,5
gEgE,5
Magnitude,5
Dobrev,5
Will2win,5
exceL Endpoint,5
High Coast,5
F4K3,5
srry4waht,5
Ambulance,5
Leny4evateli,5
PageHLTV,5
Rest In Paradise,5
BlackBelts,5
UnlukoExpress,5
Favela,5
All Star A,5
Make Your Destiny,5
Ferrari Peek,5
Shablagooists,5
tropadeleet,5
Excelling,5
Dragon,5
t3Kipper,5
Elite Human Resource,5
Diamonds No Ace,5
NET1,5
exitto,5
Evil Nation,5
FACEIT Staff,5
QtabENTER,5
finkatt,5
MDL All-Star KSCERATO,5
de_mirage,5
Robin Hood,5
f'ckers,5
Fake Aim,5
NOXXE,5
Choke,5
Summit,5
EPHORSE,5
Team Squeaky,5
FirstTime,5
Electron boy,5
vRn,5
TheInvictus,5
Israel,5
Farm_ValutbI,5
Polar Bears,5
Sydney Saints,5
NaCL,5
uNLimited-Potential,5
8bit,5
Unluckers,5
Soul Breaker,5
jysp,5
EsT,5
EXM,5
Spirifex fe,5
greedisgood,5
ROG strike,5
Bravery,5
chupakabras,5
KSHORRADA S.A,5
Obsidium,5
bestmix,5
dsaf,5
Sperr & Friends,5
NFS,5
TOTOH,5
Circa,5
ELIM,5
dopexx,5
ex-SEAL,5
PoKeMoN FAN CLUB,5
CyberMP5,5
Hedgehogs,5
Check-Point,5
Sadboyz,5
piratesports,5
Water Walkers,5
Talentjes,5
NM,5
OnlinerS,5
Mercenaries,5
ezOKplease,5
MIRAV3,5
NMSL,5
dolphinriders,5
7GU6,5
Day Dreamers,5
R5,5
Scourge of Gods,5
Elixir,5
Galaxy,5
Zaga Talent,5
South Korea,5
Tecsysnet,5
Paranoid,5
On Lance,5
HHR El-teknik,5
Cyprus,5
Long Live Democracy,5
IGEN,5
Mock and the Rocks,5
Rapid,5
ZODIACS,5
LikeWeCare,5
LegendsNeverDie,5
dopeclvb,5
OrgSeekers,5
Jail On Shooting,5
Victrix,5
tradigt,5
zurditos,5
Last minute,5
Intense,5
House Club,5
izquierdo pico,5
FFI,5
PuDI,5
repskops,5
Onlinerz,5
MiSTR,5
TomorrowLAN,5
VIHARTINDERGULD,5
HIT AND RUN,5
Ignition,5
JOGANET,5
Ambush fe,5
nono,5
plebverkstad,5
MiSG,5
DPS,5
G1WOLVES,5
Georgia,5
StormStudio Staff,5
Pierogi,5
WASDWASDwtfcantmove,5
Purge,5
pugstars,5
WWGGKTA,5
BATTLETOADS,5
hmm,5
YOUR OWN MIRACLE,5
Peak,5
U-19,5
ToyStory,5
Team smooya,5
UNLEASHED,5
Weekend Warriors,5
Anti Liliy,5
PkD Academy,5
SweetNSour,5
kexpz,5
BET,5
Vination,5
CR@zYReB3L,5
Legacy of Desi Boys,5
isaGOD,5
Turtle Squad,5
None Just Qatar,5
nXs,5
Plan A,5
Doit,5
TRTRR,5
JUNCK,5
ex-Underdogs,5
Orgles5,5
Get Rekt,5
no u,5
eXposed,5
OPERATION.REKT,5
5Peaks,5
MDL All-Star gMd,5
UnkerJohn,5
Eternity,5
MEAT LAVKA,5
faBB,5
PlotniuVodniu,5
hellslayerz,5
NineLives,5
Daydreamers,5
Vortex,5
STORM.CN,5
Azerbaijan,5
xDparty,5
GROM F1RST,5
Plant-It Hollywood,5
Project_Polygon,5
Zcorpio,5
iGamerWorld,5
ex-Reason,5
Colorado State University,5
MAFiA,5
OpTic Brasil,5
Alex Jones 2020,5
MOMENT,5
5 Monkeys,5
kindergarden,5
h4rr1-p0tt3r,5
Snodz Fan Club,5
Decisive,5
NUT,5
RGB,5
Cl4nless,5
ImPerium,5
ex-RSG,5
Strong,5
Authority,5
oBBg,5
Blacklist,5
Holding W,5
Reflex,5
ex-Factory Assault,5
Flipside Pugs,5
Refuse Academy,5
Distinct5,5
The Legends,5
MxM,5
Prismatic,5
TILTED,5
Middle East,5
Compromise,5
FPLC,5
Mild,5
Electrify,5
Aetherial,5
sweaty in the fridge,5
CLS,5
Legacy of Jenume,5
Off-Mode Red,5
STRONG3R,5
Rensga,5
Made in Karachi,5
Grand Old Party Supporters,5
THRASHER,5
MostlyG,5
Vatos Locos,5
4ucToHano6egky,5
SEMORG,5
CAS Lore,5
Nu Pogodi,5
don't be so cool,5
SYG,5
WOOSAH,5
All-Star Tiger,5
GANGNAM_STYL,5
G,5
Saw,5
eNgine,5
pt1SE,5
icek0ldt,5
TEAMYOUCANTBEAT,5
PyKu6A3YKu,5
Run This Town,5
90s druglords,5
XDM,5
Morituri,5
Delusion,5
Naniiiiiiiii,5
Core Impact,5
KnockOut Sports,5
Europe All-Stars,5
Cephei,5
E-MATiC,5
dsG&friends,5
OPENFRAGS,5
Power Buff Boys,5
XD1234XD,5
MAKONGA,5
AdAstra,5
Vulcan,5
NOPROB,5
ProXima Academy,5
Heat,5
Herobrine,5
8),5
TulpaR,5
The Legacy of JeNume,5
Nturtles,5
BLG,5
MER IL ET FOU,5
tiltcentralen,5
Debut,5
Dark Sided fe,5
Huutista,5
For Gamers,5
Oslo Lions,5
edepol,5
Torment,5
SUB.STANCE,5
mixtim,5
Epicedium,5
breaddren,5
Checkmate,5
Tarantula,5
Rhythm,5
burniNg,5
Virtus.pro Staff,5
Equinox,5
VERSACE ACADEMY,5
Ryzen Dragons,5
Truth,5
twwin,5
LMNT,5
NextGaming,5
Dirty Peek Petes,5
Realize,5
Superbia,5
H2L2,5
Eastern Giants,5
A4E,5
MauRiSiO,5
Hydras,5
wckymooode,5
TrailerPark Boys,5
Xplicit,5
Aim4R Hasteka,5
Cotokos,5
wH-,5
AnimeAye,5
pzd,5
SBS,5
Value,5
Maskin,5
TripGhazi,5
Hanoi Vortex,5
Team China,5
QDLM,5
TSV Oftersheim,5
Revenge,5
samba,5
JBellosNutyCrew,5
Mouse Control,5
word_exe,5
Epic Stomper,5
AnticlockwiSe,5
Inspire,5
squadmoveout,5
Relentless,5
EchoMix,5
Single Daddy,5
eufnbu,5
p0pdrenge,5
C0LDBROTHERS,5
pSlayers,5
13th Hour,5
NecroRaisers,5
Yolesnoobs,5
Macedonia,5
RAGE,5
csgoPlayers,5
PUGGODS,5
Main Street fe,5
we dont give a hoot,5
Team Killz,5
ROG SkitzMACHINE,5
Bibby & The Boys,5
Dying Breed,5
Gamedock,5
Domino,5
TisMixGods,5
nark0se,5
SABER,5
HEJT,5
Titanz,5
Anxiety,5
Generation Digital,5
NEDS,5
Line X,5
MaveN Crew,5
Gamers.com.mt Staff,5
FiGURE05,5
FOTW,5
Online Kingdom,5
Ravens,5
Alter Ego,5
Poggers,5
Neckbeard,5
clanHeat,5
risefrom,5
Optimistic,5
jonnyyy,5
Isurus fe,5
de_aztec,5
Airwalk,5
Neolution,5
Potato Streamers,5
duvan,5
EFBIJAJ,5
Zepheria,5
sUrKaDuRk,5
ClockTime,5
PGL Staff,5
We Da North,5
IGI,5
AccepT,5
VemVI,5
f3rr4ri,5
dreamteam,5
KHANS,5
VIP,5
Finch,5
Partyzanci,5
ANEW,5
Flygplan,5
Dr. Pepper,5
XI,5
Tygrysy Sajsona,5
MiDošli,5
Team Bardolph,5
TQM,5
legacy,5
Americas All-Stars,5
Nfinite,5
Penguins,5
DRAGON LORE,5
YQF,5
epic squad,5
RoaRrrRrR,5
shinelikedemons,5
Moscow Five Yankees,5
BenZoGang,5
Swiss Incredible Rebels,5
Frail Patrol,5
deStiny & co.,5
5ive troller,5
TSG,5
Atlantic,5
Weirdos,5
mixens farsa,5
FFxdKek,5
TOASTBROT,5
GG1337,5
BG-MIX,5
Handlebar,5
taotoma,5
Grey,5
Sharksys,5
Portvakterna,5
Vulcan Squad,5
LPM,5
Cybersport.pl Staff,5
OTF,5
THE LEGION,5
Beastly,5
Team ddk,5
G2A.com Staff,5
CYBER LOGOVO,5
Supah,5
fantazija,5
Monopol,5
ProXima,5
WHY Schwyz,5
Dogs,5
aeM,5
zZzZz,5
BLNK,5
Umboðsmenn,5
PnGz,5
TransacT,5
TNT,5
GRS.GP,5
5els,5
ducc,5
gamingxd,5
KidsOfDomination,5
DeStRoYeRs,5
Spartan,5
Virtual Alliance,5
All Star B,5
Straight Outta Lumbridge,5
Athletico Gold,5
esq.wind,5
RamaL,5
Frag Kings,5
supadupafly,5
doNUT,5
drinkpizza!,5
Polar Ace South,5
CONLIT,5
Zer0 Expectations,5
Glory,5
DMIT,5
Wubbalubbadubdub,5
Fueguitos,5
L4SALARY,5
Rampage Killers,5
Eat My Potato,5
Kiwi Pride,5
Constant Motion,5
Late Arrivals,5
waytoomany,5
M0N$t3rTruck$,5
Nepal,5
Under 21,5
Team Toxic,5
lets go bowlin,5
MDL All-Star swag,5
Alpha Wolves,5
Kaleb's Cash Crew,5
God Is With Us,5
porg,5
KR0NIKZ,5
A Walk To Remember,5
ASLACK123,5
Descend,5
Sine Metu,5
FACEIT Level Tenz,5
Goomba Squad,5
eDGe,5
Nerd Nation,5
NTC fe,5
Fiat,5
BFAIM,5
7Sins,5
ex-Kitsune,5
lllllll,5
ADD,5
Seelachs,5
AOAO,5
Yilmazzz,5
Sizzle,5
Badmove,5
FreeSlot,5
Famou5,5
Enchantcreeps,5
wakfu,5
Prime5,5
Imanity,5
ATSIKI,5
Bahrain,5
WiC,5
CYBERLIFE,5
Full Kareta,5
n3b's Money Crew,5
GCG,5
NoX,5
Wimax,5
Highscore,5
Amazing Wicked,5
Viperio,5
ZAG,5
WinneR,5
Mountain Dew,5
dpe,5
ex-Pompa Black,5
ElDonz,5
Hardknocks,5
Perrinho Sin Colinha,5
G1,5
Western Titans,5
wrsrule,5
Amaterasu,5
5randoms,5
Cortex,5
Sestri,5
Omnius,5
Brats,5
Digital Warfare,5
newlyweds,5
Giveway,5
Grimalkin,5
PewPew-Armada,5
OverGaming,5
iSellPower,5
REXO,5
BB,5
SCIENCE,5
Mako,5
EZ4ME,5
Collateral,5
Bust Down,5
Newullst,5
Barrage,5
MDK,5
Seven.Modula,5
University of Houston | White,5
Rainbow.rTE,5
ENTiTY,5
Erase,5
KLIM,5
Moldova,5
clockwork,5
XD,5
Digital Regiment,5
Pizza Delivery,5
chosen,5
illusion,5
JustPassingBy,5
TheDabers,5
:thinking:,5
UnifyHK,5
6SenseMX,5
fguru,5
CETCTM,5
Apoka Academics,5
All-Star Dragon,5
s0mkillers,5
-0_o-,5
ATF,5
NYC,5
Feel the Glory,5
somalia,5
Buddha California,5
liminka,5
Team West,5
SaudiCom,5
CREW,5
Agarthas,4
Cyclone Ninja,4
Fictitious,4
SuperstarS,4
Greece,4
Sri Lanka,4
Nightmare,4
Malta,4
Later kidz,4
Ireland,4
Armenia,4
Saudi Arabia,4
New Arise,4
New Zealand,4
Australia,4
Austria,4
FTW fe,4
Pakistan,3
